{
  "n": 269,
  "mean": 22.71799256505576,
  "median": 22.49,
  "std": 1.9129590620499026,
  "skewness": 0.6901882274759182,
  "kurtosis": 1.22336329376256,
  "min": 18.34,
  "max": 31.27,
  "trimmed_mean_10%": 22.61921658986175
}